{"0,0": 0.9560826739534951, "0,1": 3.648378093316897, "0,2": 1.9415218472139602, "0,3": 3.290127486722473, "0,4": 3.4259895747005, "0,5": 4.742512219991131, "0,6": 1.9850500000000002, "0,7": 3.344206682029358, "0,8": 1.931282173953495, "0,9": 1.9227446944279203, "1,0": 0.99, "1,1": 4.257204113110683, "1,2": 4.339128377395816, "1,3": 6.140192779620263, "1,4": 5.529948879158117, "1,5": 6.994060315902005, "1,6": 5.094459933584857, "1,7": 4.254866511365393, "1,8": 4.220166902287422, "1,9": 1.0, "2,0": 2.3887082018298584, "2,1": 6.178252733198837, "2,2": 6.276939090433831, "2,3": 4.564565807705758, "2,4": 5.334168462524617, "2,5": 5.679006499655043, "2,6": 4.886795160964844, "2,7": 6.16927753531142, "2,8": 6.366722657158703, "2,9": 0.9950000000000001, "3,0": 3.0868996481326767, "3,1": 5.183743374873531, "3,2": 5.488051522101106, "3,3": 6.059532787385953, "3,4": 4.560903969276001, "3,5": 7.030713304269161, "3,6": 9.11336910064702, "3,7": 7.205387053890604, "3,8": 5.251829423513271, "3,9": 1.4850500000000002, "4,0": 4.344859144726822, "4,1": 6.0840186955186955, "4,2": 7.423296623283273, "4,3": 7.22457592063736, "4,4": 7.178704768745824, "4,5": 6.991212345208202, "4,6": 7.908027046023975, "4,7": 6.949139968027422, "4,8": 5.243177101573766, "4,9": 3.3923619219144605, "5,0": 3.8102556748592757, "5,1": 5.969268286053193, "5,2": 5.563330190229792, "5,3": 6.94949823807282, "5,4": 5.890969260097823, "5,5": 6.4503982642631446, "5,6": 6.490026580414984, "5,7": 6.133921893234656, "5,8": 4.487207404348555, "5,9": 3.3773202536539957, "6,0": 4.133286477950124, "6,1": 5.6738110468892895, "6,2": 5.616814681884628, "6,3": 6.99712329007329, "6,4": 6.34506330142964, "6,5": 7.228349190822574, "6,6": 6.989266087007975, "6,7": 5.618482329020507, "6,8": 2.8872663721639604, "6,9": 5.699233537857024, "7,0": 3.367621184351, "7,1": 4.8385639390903545, "7,2": 4.642907107635858, "7,3": 4.710986916751894, "7,4": 4.932382437112626, "7,5": 8.108848302994284, "7,6": 4.722024372249587, "7,7": 5.172306975778907, "7,8": 1.8903382542587166, "7,9": 3.83350147181446, "8,0": 3.796845427915795, "8,1": 5.916054287131022, "8,2": 4.737558357225852, "8,3": 5.710207499156447, "8,4": 8.146765501793185, "8,5": 9.258824224945371, "8,6": 6.773105619958081, "8,7": 6.993080638898044, "8,8": 2.8684315724544027, "8,9": 3.3005555523349104, "9,0": 2.960299, "9,1": 2.43109103495, "9,2": 5.284199878254495, "9,3": 2.8974133529069905, "9,4": 4.837820684351, "9,5": 6.88025418651676, "9,6": 4.228543840427731, "9,7": 4.616640970496795, "9,8": 1.0, "9,9": 0.0}