{"0,0": 0.9560826739534951, "0,1": 3.648378093316897, "0,2": 1.9415218472139602, "0,3": 3.323361097699468, "0,4": 3.4259895747005, "0,5": 4.742512219991131, "0,6": 1.9850500000000002, "0,7": 3.344206682029358, "0,8": 1.97049502495, "0,9": 1.9227446944279203, "1,0": 0.99, "1,1": 4.257204113110683, "1,2": 3.3728569468644602, "1,3": 6.202214928909357, "1,4": 5.529948879158117, "1,5": 7.136068070505056, "1,6": 5.094459933584857, "1,7": 4.254866511365393, "1,8": 4.262794850795376, "1,9": 1.0, "2,0": 2.3887082018298584, "2,1": 6.240659326463472, "2,2": 5.835292010539223, "2,3": 4.610672533036119, "2,4": 5.334168462524617, "2,5": 5.73637020167176, "2,6": 4.886795160964844, "2,7": 6.231593470011536, "2,8": 6.495992916190902, "2,9": 0.9950000000000001, "3,0": 3.0868996481326767, "3,1": 5.236104419064173, "3,2": 5.488051522101106, "3,3": 6.12074018927874, "3,4": 4.560903969276001, "3,5": 7.17346526300292, "3,6": 9.298407408067565, "3,7": 7.351685597276405, "3,8": 5.251829423513271, "3,9": 1.4850500000000002, "4,0": 4.388746610835174, "4,1": 6.145473429816864, "4,2": 7.574019613593789, "4,3": 7.371264075744679, "4,4": 7.324461553663733, "4,5": 6.123061264369148, "4,6": 8.068592027368611, "4,7": 7.09023565761394, "4,8": 5.243177101573766, "4,9": 3.3923619219144605, "5,0": 3.3436926008679553, "5,1": 6.029563925306256, "5,2": 5.563330190229792, "5,3": 7.09060120199247, "5,4": 5.9504740000988114, "5,5": 6.076316972006065, "5,6": 6.62180040854503, "5,7": 6.195880700237026, "5,8": 4.487207404348555, "5,9": 3.4114345996505007, "6,0": 3.669986341363762, "6,1": 5.6738110468892895, "6,2": 5.616814681884628, "6,3": 7.139193235458922, "6,4": 6.473893787806999, "6,5": 6.870063453548183, "6,6": 7.13117649934494, "6,7": 5.67523467577829, "6,8": 2.9164306789534953, "6,9": 5.699233537857024, "7,0": 2.8965870549, "7,1": 4.887438322313489, "7,2": 4.689805159228139, "7,3": 4.710986916751894, "7,4": 4.932382437112626, "7,5": 7.258288238949376, "7,6": 4.722024372249587, "7,7": 5.224552500786775, "7,8": 1.8903382542587166, "7,9": 3.83350147181446, "8,0": 3.3301468968846413, "8,1": 5.9758124112434565, "8,2": 4.737558357225852, "8,3": 5.7678863627842905, "8,4": 8.312177840825614, "8,5": 8.431613330216683, "8,6": 6.910627099232813, "8,7": 7.135068502089627, "8,8": 2.8684315724544027, "8,9": 3.3005555523349104, "9,0": 1.9801, "9,1": 2.43109103495, "9,2": 5.3375756346005, "9,3": 2.8974133529069905, "9,4": 4.837820684351, "9,5": 5.999647165102296, "9,6": 3.76620589942195, "9,7": 4.158223202522016, "9,8": 0.0, "9,9": 0.0}