{"0,0": 0.9560826739534951, "0,1": 3.685230397289795, "0,2": 0.9657400747005, "0,3": 2.3756362592587164, "0,4": 1.975298005, "0,5": 4.3286524028069895, "0,6": 0.9950000000000001, "0,7": 3.377986547504402, "0,8": 0.980298005, "0,9": 1.9227446944279203, "1,0": 0.99, "1,1": 4.300206174859276, "1,2": 2.9311875797005, "1,3": 5.941326915265198, "1,4": 4.720974095195458, "1,5": 5.877671790980118, "1,6": 4.735097051099565, "1,7": 3.8311055110349894, "1,8": 2.8576705229989683, "1,9": 1.0, "2,0": 1.9077860624544025, "2,1": 5.986501366441729, "2,2": 5.0543537137315635, "2,3": 4.194135836176022, "2,4": 5.442473688934411, "2,5": 6.031998128976176, "2,6": 4.986016897219513, "2,7": 6.552743081451599, "2,8": 5.78449050730799, "2,9": 0.5, "3,0": 3.1180804526592696, "3,1": 5.3424185481728115, "3,2": 5.599481197940114, "3,3": 4.87985146612914, "3,4": 4.143356768978678, "3,5": 6.6604962537695505, "3,6": 6.888985566446903, "3,7": 6.336401305486312, "3,8": 3.4111420299500006, "3,9": 0.9950000000000001, "4,0": 3.9677039188196854, "4,1": 5.877052757919391, "4,2": 6.5036204614504705, "4,3": 6.793312694764594, "4,4": 6.717572917164062, "4,5": 5.918107413385616, "4,6": 6.063804341036509, "4,7": 6.999866818017205, "4,8": 3.8629093728569903, "4,9": 1.46064452495, "5,0": 3.3774672736039952, "5,1": 6.27689878214907, "5,2": 5.676288327956119, "5,3": 7.531333726477121, "5,4": 6.1945645600785, "5,5": 5.810264579389691, "5,6": 5.406473394843276, "5,7": 6.450037930343919, "5,8": 3.558011839963836, "5,9": 1.4751995, "6,0": 3.7070569104684465, "6,1": 4.875942641995036, "6,2": 5.788746233773948, "6,3": 7.43204548128294, "6,4": 6.739455213651157, "6,5": 6.6365708239285555, "6,6": 6.918649390751622, "6,7": 5.90803482077579, "6,8": 2.9458895747005003, "6,9": 4.338027286287034, "7,0": 2.92584551, "7,1": 4.521738476813321, "7,2": 4.7850272005184555, "7,3": 4.806639033518921, "7,4": 5.032529779729238, "7,5": 5.63781322667974, "7,6": 4.817900594071611, "7,7": 5.3306320791621005, "7,8": 1.8903382542587166, "7,9": 3.872223708903495, "8,0": 3.3637847443279205, "8,1": 5.200586780746108, "8,2": 4.32869947681446, "8,3": 5.499436607887107, "8,4": 8.41296995294755, "8,5": 6.8940096978637255, "8,6": 7.19410348085124, "8,7": 7.42775154988373, "8,8": 2.897405628741821, "8,9": 3.3338944973079903, "9,0": 1.9801, "9,1": 1.950597005, "9,2": 3.9256970050000004, "9,3": 1.9410400499000002, "9,4": 3.92084551, "9,5": 4.09105924405907, "9,6": 3.804248383254495, "9,7": 4.200225457092945, "9,8": 0.0, "9,9": 0.0}