{"0,0": 0.9657400747005, "0,1": 3.76005550177512, "0,2": 0.9657400747005, "0,3": 2.3756362592587164, "0,4": 0.9851495, "0,5": 3.4013390499, "0,6": 0.5, "0,7": 2.43647234721396, "0,8": 0.980298005, "0,9": 1.9227446944279203, "1,0": 0.99, "1,1": 4.343642600867955, "1,2": 1.95069452495, "1,3": 5.1959817200871825, "1,4": 3.2965759567344737, "1,5": 4.618998686097734, "1,6": 3.383365137129359, "1,7": 1.9372410375044022, "1,8": 1.3903382542587166, "1,9": 0.0, "2,0": 1.9465218472139603, "2,1": 5.8970665294921085, "2,2": 4.646825542017716, "2,3": 4.2365008446222445, "2,4": 5.7229554499615505, "2,5": 6.471647232161779, "2,6": 4.670034905953349, "2,7": 6.0284205534233255, "2,8": 3.92089501, "2,9": 0.5, "3,0": 3.149576214807343, "3,1": 5.046261381173977, "3,2": 5.367544275018301, "3,3": 5.080024708960784, "3,4": 3.7173316691956715, "3,5": 5.615342975813358, "3,6": 6.424734373707089, "3,7": 5.157945500577916, "3,8": 2.4651995, "3,9": 0.5, "4,0": 3.5381123546777733, "4,1": 5.133652826791149, "4,2": 5.941515151470464, "4,3": 5.810689107985359, "4,4": 6.145033639567954, "4,5": 5.844404956066133, "4,6": 6.505771676474351, "4,7": 7.152392756745095, "4,8": 3.396878154401, "4,9": 0.970348005, "5,0": 3.4115831046505, "5,1": 5.6260334171878865, "5,2": 3.8580103283544953, "5,3": 7.734173680886251, "5,4": 6.646062504081688, "5,5": 5.66636434961889, "5,6": 5.685099855052938, "5,7": 5.899852293395918, "5,8": 3.088900848448319, "5,9": 0.9850500000000001, "6,0": 2.7344009196650974, "6,1": 5.12722782168726, "6,2": 5.051258143320294, "6,3": 7.609869978297735, "6,4": 6.1791324251933, "6,5": 6.615234396465663, "6,6": 7.497902109359751, "6,7": 6.338648716039755, "6,8": 0.975298005, "6,9": 3.960662936153736, "7,0": 2.4751, "7,1": 4.613548083678523, "7,2": 4.3720306096505, "7,3": 4.90423327570546, "7,4": 4.624558493754962, "7,5": 5.988244393964862, "7,6": 4.915723491553527, "7,7": 5.549296503076356, "7,8": 1.4043820750088045, "7,9": 2.94074452495, "8,0": 1.9310900498999999, "8,1": 3.8731024718144598, "8,2": 3.43574452495, "8,3": 4.746934111836186, "8,4": 6.564280953386635, "8,5": 6.934756424506954, "8,6": 7.259975073608552, "8,7": 6.976741875362377, "8,8": 2.4460826739534953, "8,9": 3.3338944973079903, "9,0": 1.9801, "9,1": 1.950597005, "9,2": 2.9552495000000003, "9,3": 1.45559601, "9,4": 2.4751, "9,5": 4.174124317987012, "9,6": 3.8426751346005, "9,7": 4.32879499730799, "9,8": 0.0, "9,9": 0.0}