{"0,0": 0.9560826739534951, "0,1": 3.648378093316897, "0,2": 1.9415218472139602, "0,3": 3.323361097699468, "0,4": 3.4259895747005, "0,5": 4.742512219991131, "0,6": 1.9850500000000002, "0,7": 3.344206682029358, "0,8": 1.9507900747005, "0,9": 1.9227446944279203, "1,0": 0.99, "1,1": 4.257204113110683, "1,2": 4.339128377395816, "1,3": 6.140192779620263, "1,4": 5.529948879158117, "1,5": 7.064707389800005, "1,6": 5.094459933584857, "1,7": 4.254866511365393, "1,8": 4.262794850795376, "1,9": 1.0, "2,0": 2.3887082018298584, "2,1": 6.178252733198837, "2,2": 6.276939090433831, "2,3": 4.564565807705758, "2,4": 5.334168462524617, "2,5": 5.73637020167176, "2,6": 4.886795160964844, "2,7": 6.16927753531142, "2,8": 6.431032987028993, "2,9": 0.9950000000000001, "3,0": 3.0868996481326767, "3,1": 5.183743374873531, "3,2": 5.488051522101106, "3,3": 6.059532787385953, "3,4": 4.560903969276001, "3,5": 7.101730610372891, "3,6": 9.20542333398689, "3,7": 7.278168741303641, "3,8": 5.251829423513271, "3,9": 1.4850500000000002, "4,0": 4.388746610835174, "4,1": 6.0840186955186955, "4,2": 7.4982794174578515, "4,3": 7.297551434987232, "4,4": 7.2512169381270954, "4,5": 7.061830651725456, "4,6": 7.987906107094925, "4,7": 7.0193333010378005, "4,8": 5.243177101573766, "4,9": 3.3923619219144605, "5,0": 3.3436926008679553, "5,1": 5.969268286053193, "5,2": 5.563330190229792, "5,3": 7.019695189972546, "5,4": 5.890969260097823, "5,5": 6.5155538022860044, "5,6": 6.55558240445958, "5,7": 6.133921893234656, "5,8": 4.487207404348555, "5,9": 3.3773202536539957, "6,0": 3.669986341363762, "6,1": 5.6738110468892895, "6,2": 5.616814681884628, "6,3": 7.067801303104333, "6,4": 6.409154849928929, "6,5": 7.301362819012701, "6,6": 7.05986473435149, "6,7": 5.67523467577829, "6,8": 2.8872663721639604, "6,9": 5.699233537857024, "7,0": 2.8965870549, "7,1": 4.8385639390903545, "7,2": 4.689805159228139, "7,3": 4.710986916751894, "7,4": 4.932382437112626, "7,5": 7.6857053565598825, "7,6": 4.722024372249587, "7,7": 5.224552500786775, "7,8": 1.8903382542587166, "7,9": 3.83350147181446, "8,0": 3.3301468968846413, "8,1": 5.916054287131022, "8,2": 4.737558357225852, "8,3": 5.710207499156447, "8,4": 8.229056062417358, "8,5": 8.847297196914516, "8,6": 6.841520828240485, "8,7": 7.063717817068731, "8,8": 2.8684315724544027, "8,9": 3.3005555523349104, "9,0": 1.9801, "9,1": 2.43109103495, "9,2": 5.3375756346005, "9,3": 2.8974133529069905, "9,4": 4.837820684351, "9,5": 5.939650693451273, "9,6": 3.76620589942195, "9,7": 4.158223202522016, "9,8": 0.0, "9,9": 0.0}